size_bytes,counter,elapsed_s,average_s
8,1000,0.000251,0.000000251
36,1000,0.000301,0.000000301
64,1000,0.000319,0.000000319
288,1000,0.000450,0.000000450
512,1000,0.000472,0.000000472
2304,1000,0.000661,0.000000661
4096,1000,0.003993,0.000003993
18432,1000,0.006638,0.000006638
32768,1000,0.009632,0.000009632
147456,1000,0.028241,0.000028241
262144,1000,0.046163,0.000046163
635760,1000,0.099003,0.000099003
1048576,1000,0.149624,0.000149624
